{"cameraMode":{"drawMode":0,"name":"Shaded","section":"Shading Mode"},"sceneLighting":false,"audioPlay":false,"sceneViewState":{"m_AlwaysRefresh":false,"showFog":true,"showSkybox":false,"showFlares":true,"showImageEffects":true,"showParticleSystems":true,"showVisualEffectGraphs":true,"m_FxEnabled":true},"in2DMode":false,"pivot":{"x":0.009999990463256836,"y":0.8904838562011719,"z":-0.03999999165534973},"rotation":{"x":-0.035426538437604907,"y":0.9626373052597046,"z":-0.1750328689813614,"w":-0.20666703581809998},"size":1.0941615104675294,"orthographic":false}