{"cameraMode":{"drawMode":0,"name":"Shaded","section":"Shading Mode"},"sceneLighting":false,"audioPlay":false,"sceneViewState":{"m_AlwaysRefresh":false,"showFog":true,"showSkybox":false,"showFlares":true,"showImageEffects":true,"showParticleSystems":true,"showVisualEffectGraphs":true,"m_FxEnabled":true},"in2DMode":false,"pivot":{"x":0.10542625933885575,"y":-0.35169655084609988,"z":0.1873578429222107},"rotation":{"x":-0.08565598726272583,"y":-0.8685882091522217,"z":0.1577051281929016,"w":-0.463315486907959},"size":1.4311317205429078,"orthographic":false}