{"cameraMode":{"drawMode":0,"name":"Shaded","section":"Shading Mode"},"sceneLighting":false,"audioPlay":false,"sceneViewState":{"m_AlwaysRefresh":false,"showFog":true,"showSkybox":false,"showFlares":true,"showImageEffects":true,"showParticleSystems":true,"showVisualEffectGraphs":true,"m_FxEnabled":true},"in2DMode":false,"pivot":{"x":0.160737082362175,"y":0.3194831907749176,"z":-0.09840178489685059},"rotation":{"x":-0.06358513236045838,"y":-0.9289866089820862,"z":0.1785188764333725,"w":-0.32002776861190798},"size":0.5292771458625794,"orthographic":false}