{"cameraMode":{"drawMode":0,"name":"Shaded","section":"Shading Mode"},"sceneLighting":false,"audioPlay":false,"sceneViewState":{"m_AlwaysRefresh":false,"showFog":true,"showSkybox":false,"showFlares":true,"showImageEffects":true,"showParticleSystems":true,"showVisualEffectGraphs":true,"m_FxEnabled":true},"in2DMode":false,"pivot":{"x":0.4767007529735565,"y":-0.024257352575659753,"z":-0.17555075883865357},"rotation":{"x":-0.07602516561746597,"y":-0.895431399345398,"z":0.16256877779960633,"w":-0.40902575850486758},"size":0.4838685095310211,"orthographic":false}