{"cameraMode":{"drawMode":0,"name":"Shaded","section":"Shading Mode"},"sceneLighting":false,"audioPlay":false,"sceneViewState":{"m_AlwaysRefresh":false,"showFog":true,"showSkybox":false,"showFlares":true,"showImageEffects":true,"showParticleSystems":true,"showVisualEffectGraphs":true,"m_FxEnabled":true},"in2DMode":false,"pivot":{"x":0.6609259843826294,"y":1.1349010467529297,"z":0.9062054753303528},"rotation":{"x":-0.15477077662944795,"y":-0.2656351625919342,"z":0.04150347411632538,"w":-0.9513518214225769},"size":0.992268979549408,"orthographic":false}