{"cameraMode":{"drawMode":0,"name":"Shaded","section":"Shading Mode"},"sceneLighting":false,"audioPlay":false,"sceneViewState":{"m_AlwaysRefresh":false,"showFog":true,"showSkybox":false,"showFlares":true,"showImageEffects":true,"showParticleSystems":true,"showVisualEffectGraphs":true,"m_FxEnabled":true},"in2DMode":false,"pivot":{"x":-0.001837015151977539,"y":0.019459128379821779,"z":0.34294211864471438},"rotation":{"x":0.0018693869933485985,"y":-0.947169303894043,"z":-0.01012580469250679,"w":-0.3226067125797272},"size":0.4374496340751648,"orthographic":false}