{"cameraMode":{"drawMode":0,"name":"Shaded","section":"Shading Mode"},"sceneLighting":false,"audioPlay":false,"sceneViewState":{"m_AlwaysRefresh":false,"showFog":true,"showSkybox":false,"showFlares":true,"showImageEffects":true,"showParticleSystems":true,"showVisualEffectGraphs":true,"m_FxEnabled":true},"in2DMode":false,"pivot":{"x":-1.2265772819519044,"y":4.276015281677246,"z":0.1541309356689453},"rotation":{"x":0.0008660632302053273,"y":-0.9978514313697815,"z":0.0678178071975708,"w":0.031768664717674258},"size":7.210519313812256,"orthographic":false}