{"cameraMode":{"drawMode":0,"name":"Shaded","section":"Shading Mode"},"sceneLighting":false,"audioPlay":false,"sceneViewState":{"m_AlwaysRefresh":false,"showFog":true,"showSkybox":false,"showFlares":true,"showImageEffects":true,"showParticleSystems":true,"showVisualEffectGraphs":true,"m_FxEnabled":true},"in2DMode":false,"pivot":{"x":1.108596920967102,"y":0.027670828625559808,"z":-1.3202004432678223},"rotation":{"x":0.007761460263282061,"y":-0.9905035495758057,"z":0.1233617439866066,"w":0.06163822486996651},"size":2.5740668773651125,"orthographic":false}