{"cameraMode":{"drawMode":0,"name":"Shaded","section":"Shading Mode"},"sceneLighting":false,"audioPlay":false,"sceneViewState":{"m_AlwaysRefresh":false,"showFog":true,"showSkybox":false,"showFlares":true,"showImageEffects":true,"showParticleSystems":true,"showVisualEffectGraphs":true,"m_FxEnabled":true},"in2DMode":false,"pivot":{"x":-1.3258999586105347,"y":2.139685869216919,"z":4.890100002288818},"rotation":{"x":-0.03868766874074936,"y":-0.9542325735092163,"z":0.2673235535621643,"w":-0.1334112137556076},"size":0.000017320508050033823,"orthographic":false}