{"cameraMode":{"drawMode":0,"name":"Shaded","section":"Shading Mode"},"sceneLighting":false,"audioPlay":false,"sceneViewState":{"m_AlwaysRefresh":false,"showFog":true,"showSkybox":false,"showFlares":true,"showImageEffects":true,"showParticleSystems":true,"showVisualEffectGraphs":true,"m_FxEnabled":true},"in2DMode":false,"pivot":{"x":10.005583763122559,"y":4.282480239868164,"z":7.845096111297607},"rotation":{"x":-0.05895727500319481,"y":0.9397567510604858,"z":-0.24963167309761048,"w":-0.22888153791427613},"size":0.8660253882408142,"orthographic":false}