{"cameraMode":{"drawMode":0,"name":"Shaded","section":"Shading Mode"},"sceneLighting":false,"audioPlay":false,"sceneViewState":{"m_AlwaysRefresh":false,"showFog":true,"showSkybox":false,"showFlares":true,"showImageEffects":true,"showParticleSystems":true,"showVisualEffectGraphs":true,"m_FxEnabled":true},"in2DMode":false,"pivot":{"x":-1.483546257019043,"y":1.448095440864563,"z":5.039280414581299},"rotation":{"x":-0.01065606065094471,"y":-0.9909890294075012,"z":0.1106582060456276,"w":-0.08304799348115921},"size":0.000017320508050033823,"orthographic":false}