{"cameraMode":{"drawMode":0,"name":"Shaded","section":"Shading Mode"},"sceneLighting":false,"audioPlay":false,"sceneViewState":{"m_AlwaysRefresh":false,"showFog":true,"showSkybox":false,"showFlares":true,"showImageEffects":true,"showParticleSystems":true,"showVisualEffectGraphs":true,"m_FxEnabled":true},"in2DMode":false,"pivot":{"x":0.27594059705734255,"y":-1.4224954843521119,"z":-0.041425563395023349},"rotation":{"x":-0.18453170359134675,"y":-0.5408858060836792,"z":0.12095628678798676,"w":-0.8124450445175171},"size":1.373591661453247,"orthographic":false}