{"cameraMode":{"drawMode":0,"name":"Shaded","section":"Shading Mode"},"sceneLighting":false,"audioPlay":false,"sceneViewState":{"m_AlwaysRefresh":false,"showFog":true,"showSkybox":false,"showFlares":true,"showImageEffects":true,"showParticleSystems":true,"showVisualEffectGraphs":true,"m_FxEnabled":true},"in2DMode":false,"pivot":{"x":-10.397629737854004,"y":0.5615546107292175,"z":14.807589530944825},"rotation":{"x":-0.30173996090888979,"y":0.05536724999547005,"z":-0.018369201570749284,"w":-0.9522177577018738},"size":0.4118252098560333,"orthographic":false}