{"cameraMode":{"drawMode":0,"name":"Shaded","section":"Shading Mode"},"sceneLighting":false,"audioPlay":false,"sceneViewState":{"m_AlwaysRefresh":false,"showFog":true,"showSkybox":false,"showFlares":true,"showImageEffects":true,"showParticleSystems":true,"showVisualEffectGraphs":true,"m_FxEnabled":true},"in2DMode":false,"pivot":{"x":0.0012312978506088257,"y":0.5730128288269043,"z":0.010639671236276627},"rotation":{"x":-0.012088197283446789,"y":-0.9834808111190796,"z":0.17461763322353364,"w":-0.05857044830918312},"size":0.6476973295211792,"orthographic":false}