{"cameraMode":{"drawMode":0,"name":"Shaded","section":"Shading Mode"},"sceneLighting":false,"audioPlay":false,"sceneViewState":{"m_AlwaysRefresh":false,"showFog":true,"showSkybox":false,"showFlares":true,"showImageEffects":true,"showParticleSystems":true,"showVisualEffectGraphs":true,"m_FxEnabled":true},"in2DMode":false,"pivot":{"x":9.5367431640625e-7,"y":1.1392797231674195,"z":0.0000019073486328125},"rotation":{"x":0.26564404368400576,"y":0.6068195700645447,"z":-0.2258559763431549,"w":0.7144694328308106},"size":3.8562352657318117,"orthographic":false}