{"cameraMode":{"drawMode":0,"name":"Shaded","section":"Shading Mode"},"sceneLighting":true,"audioPlay":false,"sceneViewState":{"m_AlwaysRefresh":false,"showFog":true,"showSkybox":false,"showFlares":true,"showImageEffects":true,"showParticleSystems":true,"showVisualEffectGraphs":true,"m_FxEnabled":true},"in2DMode":false,"pivot":{"x":347.7104797363281,"y":208.3336639404297,"z":12.001096725463868},"rotation":{"x":0.029812267050147058,"y":0.9689998030662537,"z":-0.15016289055347444,"w":0.19657835364341737},"size":445.3788146972656,"orthographic":false}