{"cameraMode":{"drawMode":0,"name":"Shaded","section":"Shading Mode"},"sceneLighting":false,"audioPlay":false,"sceneViewState":{"m_AlwaysRefresh":false,"showFog":true,"showSkybox":false,"showFlares":true,"showImageEffects":true,"showParticleSystems":true,"showVisualEffectGraphs":true,"m_FxEnabled":true},"in2DMode":false,"pivot":{"x":0.27798718214035036,"y":0.021370425820350648,"z":-0.4604550004005432},"rotation":{"x":0.12116143852472305,"y":-0.3279104232788086,"z":0.042594172060489658,"w":0.9365174174308777},"size":0.7105123996734619,"orthographic":false}