{"cameraMode":{"drawMode":0,"name":"Shaded","section":"Shading Mode"},"sceneLighting":false,"audioPlay":false,"sceneViewState":{"m_AlwaysRefresh":false,"showFog":true,"showSkybox":false,"showFlares":true,"showImageEffects":true,"showParticleSystems":true,"showVisualEffectGraphs":true,"m_FxEnabled":true},"in2DMode":false,"pivot":{"x":0.17015357315540315,"y":-0.4503203332424164,"z":-0.15927869081497193},"rotation":{"x":-0.1663537174463272,"y":-0.1320953667163849,"z":0.020744778215885164,"w":-0.9776248931884766},"size":0.6476973295211792,"orthographic":false}