{"cameraMode":{"drawMode":0,"name":"Shaded","section":"Shading Mode"},"sceneLighting":false,"audioPlay":false,"sceneViewState":{"m_AlwaysRefresh":false,"showFog":true,"showSkybox":false,"showFlares":true,"showImageEffects":true,"showParticleSystems":true,"showVisualEffectGraphs":true,"m_FxEnabled":true},"in2DMode":false,"pivot":{"x":-0.01174657978117466,"y":0.1786564290523529,"z":0.8394901752471924},"rotation":{"x":-0.0015097680734470487,"y":-0.993600606918335,"z":0.11861523240804672,"w":-0.0010903037618845702},"size":0.000017320508050033823,"orthographic":false}